<?xml version="1.0"  encoding="ISO-8859-1"?>

<!DOCTYPE project [
    <!ENTITY amp "&#233;">
]>

<project name="picocontainer" repository="picocontainer" href="http://picocontainer.codehaus.org">

    <title>PicoContainer</title>

    <body>
        <links>
            <item name="PicoContainer main site" href=".."/>
        </links>

        <menu name="PicoContainer">
            <item name="License" href="/license.html"/>
            <item name="JavaDoc API" href="/apidocs/index.html"/>
            <item name="Clover" href="/clover/index.html"/>
            <item name="JUnit" href="/junit-report.html"/>
            <item name="Simian" href="/simian-report.html"/>
        </menu>
    </body>

</project>
