<?xml version="1.0"?>
 <!--
   Copyright 2003-2004 The Apache Software Foundation

   Licensed under the Apache License, Version 2.0 (the "License");
   you may not use this file except in compliance with the License.
   You may obtain a copy of the License at

       http://www.apache.org/licenses/LICENSE-2.0

   Unless required by applicable law or agreed to in writing, software
   distributed under the License is distributed on an "AS IS" BASIS,
   WITHOUT WARRANTIES OR CONDITIONS OF ANY KIND, either express or implied.
   See the License for the specific language governing permissions and
   limitations under the License.
  -->

<document>

 <properties>
  <title>Commons Collections - Tasks outstanding</title>
  <author email="commons-dev@jakarta.apache.org">Commons Documentation Team</author>
 </properties>

 <body>

<section name="Tasks outstanding">

<p>
The following ideas are on the TODO list,
but please contact the mailing list before starting work:
</p>

<ul>
<li>MultiValueMap decorator</li>
<li>Synchronized BidiMap decorators</li>
<li>IdentitySet</li>
<li>BidiMapUtils</li>
<li>LoopingListIterator</li>
</ul>

<p>
Would you like to Volunteer? If so, please contact the <a href="mail-lists.html">mailing lists</a>.
</p>
</section>

</body>
</document>






