<?xml version="1.0" encoding="ISO-8859-1"?>
<project name="Winp: Windows Process Library">
  <!--bannerLeft>
    <name>JAX-WS</name>
    <src>https://jaxb.dev.java.net/javaxml-duke.gif</src>
    <href>https://jax-ws.dev.java.net/</href>
  </bannerLeft-->

    <skin>
      <groupId>org.kohsuke</groupId>
      <artifactId>maven-skin</artifactId>
      <version>1.2</version>
    </skin>

  <body>
    <menu name="Windows Process Library">
      <item name="Introduction"                   href="/index.html"/>
      <item name="Download"               href="http://mvnrepository.com/artifact/${project.groupId}/${project.artifactId}"/>
      <item name="Source code" href="https://github.com/kohsuke/${project.artifactId}"/>
    </menu>

    <menu name="References">
      <item name="Javadoc" href="apidocs/index.html"/>
    </menu>

    <menu ref="reports"/>
  </body>
</project>
