<?xml version="1.0"?>
<!--
   Licensed to the Apache Software Foundation (ASF) under one or more
   contributor license agreements.  See the NOTICE file distributed with
   this work for additional information regarding copyright ownership.
   The ASF licenses this file to You under the Apache License, Version 2.0
   (the "License"); you may not use this file except in compliance with
   the License.  You may obtain a copy of the License at

       http://www.apache.org/licenses/LICENSE-2.0

   Unless required by applicable law or agreed to in writing, software
   distributed under the License is distributed on an "AS IS" BASIS,
   WITHOUT WARRANTIES OR CONDITIONS OF ANY KIND, either express or implied.
   See the License for the specific language governing permissions and
   limitations under the License.
-->

<document>

  <properties>
    <title>Jakarta Commons/Net Migration How-to</title>
    <author email="brekke@apache.org">Jeffrey D. Brekke</author>
  </properties>

  <body>
    
<section name="Migration How-To">
<p>
This how-to lists the migration steps for moving between versions of Commons/Net.
</p>
</section>

<section name="Commons/Net 1.4.x to Commons/Net 2.0">
	<p>
		This version requires a JDK 5.0+ runtime. It has also been tested on JDK 6.0. There should
		be no changes required to existing client code.
	</p>
</section>

<section name="NetComponents 1.3.8  to  Commons/Net">
<p>
This version is a drop in replacement for NetComponents.  Only package names have changed.
</p>
<OL>
  <LI>Change all occurances of <tt>com.oroinc.net.*</tt> to <tt>org.apache.commons.net.*</tt></LI>
  <LI>Change all occurances of <tt>com.oroinc.io.*</tt> to <tt>org.apache.commons.net.io.*</tt></LI>
  <LI>Change all occurances of <tt>com.oroinc.util.*</tt> to <tt>org.apache.commons.net.util.*</tt></LI>
</OL>
</section>


</body>
</document>
