<project>

    <goal name="pico:install">
		<attainGoal name="multiproject:install"/>
    </goal>

    <goal name="pico:deploy">
        <attainGoal name="multiproject:deploy"/>
    </goal>

    <goal name="pico:clean">
        <attainGoal name="multiproject:clean"/>
    </goal>
    
    <preGoal name="dist:build-src">
        <attainGoal name="scm:checkout"/>
    </preGoal>

	<postGoal name="xdoc">
		<copy file="${maven.pico.theme}"
				todir="${maven.docs.dest}/style"/>
	</postGoal>
	
</project>

