<?xml version="1.0"  encoding="ISO-8859-1"?>

<project xmlns:j="jelly:core" xmlns:ant="jelly:ant">
    <pomVersion>3</pomVersion>
    <id>picocontainer-root</id>
    <name>PicoContainer</name>
    <groupId>picocontainer</groupId>
    <currentVersion>${picocontainer.version}</currentVersion>

    <organization>
        <name>Codehaus</name>
        <url>http://codehaus.org/</url>
        <logo>http://codehaus.org/codehaus-small.gif</logo>
    </organization>
    <inceptionYear>2003</inceptionYear>
    <package>org.picocontainer</package>
    <logo>http://picocontainer.org/images/pico-logo.png</logo>
    <description>
        Please refer to the &lt;a href="http://picocontainer.org/"&gt;main website&lt;/a&gt; for documentation.
    </description>
    <shortDescription>Small footprint Dependency Injection container</shortDescription>
    <url>http://www.picocontainer.org/</url>
    <issueTrackingUrl>http://jira.codehaus.org/browse/PICO</issueTrackingUrl>
    <siteAddress>beaver.codehaus.org</siteAddress>
    <siteDirectory>/home/projects/picocontainer/public_html/${pom.groupId}/${pom.currentVersion}/${pom.artifactId}</siteDirectory>

    <distributionSite>beaver.codehaus.org</distributionSite>
    <distributionDirectory>/dist</distributionDirectory>

	<versions>
		<version>
			<name>1.1</name>
<!-- 			<tag></tag> -->
			<id>1.1</id>
		</version>
	</versions>

    <repository>
        <connection>scm:svn:https://svn.picocontainer.codehaus.org/picocontainer/java/picocontainer/trunk</connection>
        <developerConnection>scm:svn:https://svn.picocontainer.codehaus.org/picocontainer/java/picocontainer/trunk</developerConnection>
        <url>https://svn.picocontainer.codehaus.org/picocontainer/java/picocontainer/trunk</url>
    </repository>

    <!-- See http://www.picocontainer.org/Team.html -->
    <developers />
    <contributors />

    <dependencies>

        <!-- required for JDK 1.3 -->
        <dependency>
            <id>xml-apis</id>
            <version>1.0.b2</version>
        </dependency>

        <!-- test time only -->
        <dependency>
	        	<id>junit</id>
    		    	<version>3.8.1</version>
        		<properties>
        			<scope>test</scope>
        		</properties>
        </dependency>
        <dependency>
            <id>jmock</id>
            <version>1.0.1</version>
        		<properties>
        			<scope>test</scope>
        		</properties>
        </dependency>
        <dependency>
            <id>xstream</id>
            <version>1.1.2</version>
        		<properties>
        			<scope>test</scope>
        		</properties>
        </dependency>
        <dependency>
            <id>xpp3</id>
            <version>1.1.3.4-RC8_min</version>
        		<properties>
        			<scope>test</scope>
        		</properties>
        </dependency>

        <!-- Maven plugins -->
        <!--  1.5.2. is latest stable release compatible with maven 1.0.2 -->
        <dependency>
            <groupId>maven</groupId>
            <artifactId>maven-artifact-plugin</artifactId>
            <version>1.5.2</version>
            <type>plugin</type>
        </dependency>

        <dependency>
            <groupId>maven</groupId>
            <artifactId>maven-scm-plugin</artifactId>
            <version>1.5</version>
            <type>plugin</type>
        </dependency>

		<dependency>
            <groupId>maven</groupId>
            <artifactId>maven-multiproject-plugin</artifactId>
            <version>1.4.1</version>
            <type>plugin</type>
        </dependency>

        <!-- required for JDK 1.5 -->
		<dependency>
            <groupId>maven</groupId>
            <artifactId>maven-clover-plugin</artifactId>
            <version>1.10</version>
            <type>plugin</type>
        </dependency>

    </dependencies>

    <build>
    		<defaultGoal>multiproject:install</defaultGoal>
        <sourceDirectory>${basedir}/src/java</sourceDirectory>
        <unitTestSourceDirectory>${basedir}/src/test</unitTestSourceDirectory>
        <unitTest>
            <includes>
                <include>**/*TestCase.java</include>
            </includes>
            <excludes>
                <exclude>**/Abstract*</exclude>
            </excludes>
            <resources>
                <resource>
                    <directory>${basedir}/src/test</directory>
                    <includes>
                        <include>**/*</include>
                    </includes>
                </resource>
            </resources>
        </unitTest>
    </build>

    <reports>
        <report>maven-license-plugin</report>
        <report>maven-simian-plugin</report>
        <report>maven-javadoc-plugin</report>
        <report>maven-clover-plugin</report>
        <report>maven-junit-report-plugin</report>
    </reports>

</project>
