<?xml version="1.0"  encoding="ISO-8859-1"?>

<project xmlns:j="jelly:core" xmlns:ant="jelly:ant">
    <extend>${basedir}/../project.xml</extend>
    <pomVersion>3</pomVersion>
    <id>picocontainer-site</id>
    <name>PicoContainer Site</name>

    <dependencies>
        <dependency>
            <groupId>picocontainer</groupId>
            <artifactId>picodocs-maven-plugin</artifactId>
            <version>1.0</version>
            <type>plugin</type>
        </dependency>				
    </dependencies>

</project>
