<?xml version="1.0"  encoding="ISO-8859-1"?>

<project xmlns:j="jelly:core" xmlns:ant="jelly:ant">
    <extend>${basedir}/../project.xml</extend>
    <pomVersion>3</pomVersion>
    <id>picocontainer-tck</id>
    <name>PicoContainer TCK</name>

    <dependencies>
 	<dependency>
            <groupId>picocontainer</groupId>
            <artifactId>picocontainer</artifactId>
            <version>${pom.currentVersion}</version>
        </dependency>
    </dependencies>
    
  	<build>
        <sourceDirectory>${basedir}/../container/src/test</sourceDirectory>
		<sourceModifications>
			<sourceModification>
				<className>org.picocontainer.NonExistent</className>
		      	<includes>
		        		<include>org/picocontainer/tck/**</include>
		        		<include>org/picocontainer/testmodel/**</include>
		      	</includes>
			</sourceModification>
		</sourceModifications>
    </build>
    
    <reports>
        <report>maven-license-plugin</report>
    </reports>
        
</project>
