<?xml version="1.0" encoding="UTF-8"?><!DOCTYPE book PUBLIC "-//OASIS//DTD DocBook XML V4.4//EN"
        "http://www.oasis-open.org/docbook/xml/4.4/docbookx.dtd">
<!--
   ====================================================================
   Licensed to the Apache Software Foundation (ASF) under one
   or more contributor license agreements.  See the NOTICE file
   distributed with this work for additional information
   regarding copyright ownership.  The ASF licenses this file
   to you under the Apache License, Version 2.0 (the
   "License"); you may not use this file except in compliance
   with the License.  You may obtain a copy of the License at

     http://www.apache.org/licenses/LICENSE-2.0

   Unless required by applicable law or agreed to in writing,
   software distributed under the License is distributed on an
   "AS IS" BASIS, WITHOUT WARRANTIES OR CONDITIONS OF ANY
   KIND, either express or implied.  See the License for the
   specific language governing permissions and limitations
   under the License.
   ====================================================================

   This software consists of voluntary contributions made by many
   individuals on behalf of the Apache Software Foundation.  For more
   information on the Apache Software Foundation, please see
   <http://www.apache.org />.
 -->
<book xmlns:xi="http://www.w3.org/2001/XInclude">

    <bookinfo>
        <title>HttpCore Tutorial</title>
        <releaseinfo>&version;</releaseinfo>

        <authorgroup>
            <author>
                <firstname>Oleg</firstname>
                <surname>Kalnichevski</surname>
            </author>
        </authorgroup>

        <legalnotice>
            <para>
            Licensed to the Apache Software Foundation (ASF) under one
            or more contributor license agreements.  See the NOTICE file
            distributed with this work for additional information
            regarding copyright ownership.  The ASF licenses this file
            to you under the Apache License, Version 2.0 (the
            "License"); you may not use this file except in compliance
            with the License.  You may obtain a copy of the License at
            </para>
            <para>
              <ulink url="http://www.apache.org/licenses/LICENSE-2.0"/>
            </para>
            <para>
            Unless required by applicable law or agreed to in writing,
            software distributed under the License is distributed on an
            "AS IS" BASIS, WITHOUT WARRANTIES OR CONDITIONS OF ANY
            KIND, either express or implied.  See the License for the
            specific language governing permissions and limitations
            under the License.
            </para>
        </legalnotice>
    </bookinfo>

    <toc/>

    <xi:include href="preface.xml"/>
    <xi:include href="fundamentals.xml"/>
    <xi:include href="blocking-io.xml"/>
    <xi:include href="nio.xml"/>
    <xi:include href="advanced.xml"/>

</book>
