{
  "ml_ctx_common_is_after_dot": {
    "0": 0.0,
    "1": 1.0,
    "default": 0,
    "use_undefined": true
  },
  "ml_ctx_common_is_idea_project": {
    "1": 1.0,
    "_OTHER_": 0.0,
    "default": 0,
    "use_undefined": false
  },
  "ml_ctx_common_is_in_line_beginning": {
    "0": 0.0,
    "1": 1.0,
    "default": 0,
    "use_undefined": false
  },
  "ml_ctx_common_is_in_line_end": {
    "0": 0.0,
    "1": 1.0,
    "default": 0,
    "use_undefined": true
  },
  "ml_ctx_common_is_whitespace_after_caret": {
    "0": 0.0,
    "1": 1.0,
    "default": 0,
    "use_undefined": true
  },
  "ml_ctx_common_is_whitespace_before_caret": {
    "0": 0.0,
    "1": 1.0,
    "default": 0,
    "use_undefined": true
  },
  "ml_ctx_full_line_benchmark_finished": {
    "1": 1.0,
    "_OTHER_": 0.0,
    "default": 0,
    "use_undefined": false
  },
  "ml_ctx_full_line_installed": {
    "1": 1.0,
    "_OTHER_": 0.0,
    "default": 0,
    "use_undefined": false
  },
  "ml_ctx_rec-instances_is-in-house": {
    "1": 1.0,
    "_OTHER_": 0.0,
    "default": 0,
    "use_undefined": false
  }
}