{
  "ml_completion_kind_common_is_name": [
    "CONTEXT_VARIABLE_TYPE_REFERENCE",
    "CONTEXT_VARIABLE_TYPE_SC",
    "DEBUGGER_VARIANTS",
    "DECLARATION_NAME",
    "DECLARATION_NAME_FROM_UNRESOLVED_OVERRIDE",
    "DSL_FUNCTION",
    "EXTENSION_FUNCTION_TYPE_VALUE",
    "KEYWORD_ONLY",
    "NAMED_ARGUMENT",
    "NON_IMPORTED",
    "OPERATOR_NAME",
    "PACKAGE_NAME",
    "PARAMETER_OR_VAR_NAME_AND_TYPE",
    "REFERENCE_BASIC",
    "REFERENCE_EXTENSION",
    "SMART_ADDITIONAL_ITEM",
    "STATIC_MEMBER_EXPLICIT_INHERITED",
    "STATIC_MEMBER_FROM_IMPORTS",
    "STATIC_MEMBER_INACCESSIBLE",
    "STATIC_MEMBER_OBJECT_MEMBER",
    "OTHER"
  ],
  "ml_ctx_common_case_sensitivity": [
    "FIRST_LETTER",
    "UNDEFINED"
  ],
  "ml_ctx_common_non_space_symbol_after_caret": [
    "CLOSING_BRACKET",
    "LETTER",
    "PUNCTUATION",
    "OPENING_BRACKET",
    "SIGN",
    "QUOTE",
    "CAPITAL_LETTER",
    "SYMBOL",
    "UNDEFINED"
  ],
  "ml_ctx_common_non_space_symbol_before_caret": [
    "LETTER",
    "PUNCTUATION",
    "CAPITAL_LETTER",
    "SYMBOL",
    "NUMBER",
    "OPENING_BRACKET",
    "UNDEFINED"
  ],
  "ml_ctx_common_parent_1": [
    "KtDotQualifiedExpression",
    "KtBlockExpression",
    "KtValueArgument",
    "KtUserType",
    "KtBinaryExpression",
    "KtClassBody",
    "KtProperty",
    "KtParameterList",
    "KtContainerNode",
    "KtFile",
    "KtReturnExpression",
    "KtContainerNodeForControlStructureBody",
    "KtSafeQualifiedExpression",
    "KtNamedFunction",
    "KtSimpleNameStringTemplateEntry",
    "KtWhenConditionWithExpression",
    "KtWhenEntry",
    "KtBlockStringTemplateEntry",
    "KtParameter",
    "KtCallableReferenceExpression",
    "OTHER"
  ],
  "ml_ctx_common_parent_2": [
    "KtBlockExpression",
    "KtValueArgumentList",
    "KtTypeReference",
    "KtValueArgument",
    "KtNamedFunction",
    "KtFunctionLiteral",
    "KtClass",
    "KtProperty",
    "KtContainerNodeForControlStructureBody",
    "KtBinaryExpression",
    "KtContainerNode",
    "KtIfExpression",
    "KtPrimaryConstructor",
    "KtClassBody",
    "KtWhenEntry",
    "KtStringTemplateExpression",
    "KtReturnExpression",
    "KtObjectDeclaration",
    "KtUserType",
    "KtBlockStringTemplateEntry",
    "OTHER",
    "UNDEFINED"
  ],
  "ml_ctx_kotlin_file_type": [
    "KT",
    "GRADLEKTS",
    "KTS",
    "UNDEFINED"
  ],
  "ml_ctx_kotlin_plugin_version": [
    "232-1.8.21-release-380-IJ8296.17",
    "232-1.8.21-release-380-IJ8453.116",
    "232-1.8.21-release-380-IJ8180",
    "233-1.8.21-release-380-IJSNAPSHOT.20230625",
    "233-1.8.21-release-380-IJ137",
    "233-1.8.21-release-380-IJ658",
    "232-1.8.21-release-380-IJ8660.2",
    "233-1.8.21-release-380-IJ699",
    "233-1.8.21-release-380-IJ233",
    "233-1.8.21-release-380-IJ403",
    "233-1.8.21-release-380-IJ105",
    "@snapshot@",
    "233-1.8.21-release-380-IJ173",
    "232-1.8.21-release-380-IJ8414",
    "233-1.8.21-release-380-IJ466",
    "232-1.8.21-release-380-IJ8615",
    "233-1.8.21-release-380-IJ882",
    "233-1.8.21-release-380-IJ817",
    "233-1.8.21-release-380-IJ845",
    "233-1.8.21-release-380-IJ607",
    "OTHER"
  ],
  "ml_ctx_rec-instances_instances-version": [
    "0.45.3",
    "UNDEFINED"
  ]
}