{
  "ml_completion_kind_usage_correct_in_row": {
    "default": 0.0,
    "use_undefined": true
  },
  "ml_completion_kind_usage_correct_prob": {
    "default": 0.0,
    "use_undefined": true
  },
  "ml_completion_kind_usage_incorrect_in_row": {
    "default": 0.0,
    "use_undefined": true
  },
  "ml_ctx_common_chars_in_line_after_caret": {
    "default": 0.0,
    "use_undefined": true
  },
  "ml_ctx_common_col_num": {
    "default": 0.0,
    "use_undefined": true
  },
  "ml_ctx_common_files_count": {
    "default": 0.0,
    "use_undefined": false
  },
  "ml_ctx_common_following_empty_lines_count": {
    "default": 0.0,
    "use_undefined": true
  },
  "ml_ctx_common_following_non_empty_line_length": {
    "default": 5.0,
    "use_undefined": true
  },
  "ml_ctx_common_indent_level": {
    "default": 0.0,
    "use_undefined": true
  },
  "ml_ctx_common_libraries_count": {
    "default": 0.0,
    "use_undefined": false
  },
  "ml_ctx_common_line_num": {
    "default": 0.0,
    "use_undefined": true
  },
  "ml_ctx_common_modules_count": {
    "default": 0.0,
    "use_undefined": false
  },
  "ml_ctx_common_offset": {
    "default": 0.0,
    "use_undefined": true
  },
  "ml_ctx_common_offset_text_length_ratio": {
    "default": 0.0,
    "use_undefined": true
  },
  "ml_ctx_common_prefix_length": {
    "default": 1.0,
    "use_undefined": true
  },
  "ml_ctx_common_previous_empty_lines_count": {
    "default": 0.0,
    "use_undefined": true
  },
  "ml_ctx_common_previous_non_empty_line_length": {
    "default": 5.0,
    "use_undefined": true
  },
  "ml_ctx_common_symbols_in_line_after_caret": {
    "default": 0.0,
    "use_undefined": true
  },
  "ml_ctx_common_symbols_in_line_before_caret": {
    "default": 0.0,
    "use_undefined": true
  },
  "ml_ctx_common_text_length": {
    "default": 0.0,
    "use_undefined": true
  },
  "ml_ctx_full_line_benchmark_avg_time": {
    "default": 0.0,
    "use_undefined": true
  },
  "ml_ctx_full_line_benchmark_count": {
    "default": 0.0,
    "use_undefined": true
  },
  "ml_ctx_full_line_benchmark_max_time": {
    "default": 0.0,
    "use_undefined": true
  },
  "ml_ctx_full_line_benchmark_min_time": {
    "default": 0.0,
    "use_undefined": true
  },
  "ml_ctx_full_line_enabled": {
    "default": 0.0,
    "use_undefined": true
  },
  "ml_ctx_kind_usage_correct_in_row_CONTEXT_VARIABLE_TYPE_REFERENCE": {
    "default": 0.0,
    "use_undefined": true
  },
  "ml_ctx_kind_usage_correct_in_row_DECLARATION_NAME_FROM_UNRESOLVED_OVERRIDE": {
    "default": 0.0,
    "use_undefined": true
  },
  "ml_ctx_kind_usage_correct_in_row_EXTENSION_FUNCTION_TYPE_VALUE": {
    "default": 0.0,
    "use_undefined": true
  },
  "ml_ctx_kind_usage_correct_in_row_KEYWORD_ONLY": {
    "default": 0.0,
    "use_undefined": true
  },
  "ml_ctx_kind_usage_correct_in_row_NAMED_ARGUMENT": {
    "default": 0.0,
    "use_undefined": true
  },
  "ml_ctx_kind_usage_correct_in_row_NON_IMPORTED": {
    "default": 0.0,
    "use_undefined": true
  },
  "ml_ctx_kind_usage_correct_in_row_PACKAGE_NAME": {
    "default": 0.0,
    "use_undefined": true
  },
  "ml_ctx_kind_usage_correct_in_row_PARAMETER_OR_VAR_NAME_AND_TYPE": {
    "default": 0.0,
    "use_undefined": true
  },
  "ml_ctx_kind_usage_correct_in_row_REFERENCE_BASIC": {
    "default": 0.0,
    "use_undefined": true
  },
  "ml_ctx_kind_usage_correct_in_row_REFERENCE_EXTENSION": {
    "default": 0.0,
    "use_undefined": true
  },
  "ml_ctx_kind_usage_correct_in_row_SMART_ADDITIONAL_ITEM": {
    "default": 0.0,
    "use_undefined": true
  },
  "ml_ctx_kind_usage_correct_in_row_STATIC_MEMBER_EXPLICIT_INHERITED": {
    "default": 0.0,
    "use_undefined": true
  },
  "ml_ctx_kind_usage_correct_in_row_STATIC_MEMBER_FROM_IMPORTS": {
    "default": 0.0,
    "use_undefined": true
  },
  "ml_ctx_kind_usage_correct_in_row_STATIC_MEMBER_INACCESSIBLE": {
    "default": 0.0,
    "use_undefined": true
  },
  "ml_ctx_kind_usage_correct_in_row_STATIC_MEMBER_OBJECT_MEMBER": {
    "default": 0.0,
    "use_undefined": true
  },
  "ml_ctx_kind_usage_correct_in_row_TOP_LEVEL_CLASS_NAME": {
    "default": 0.0,
    "use_undefined": true
  },
  "ml_ctx_kind_usage_correct_prob_CONTEXT_VARIABLE_TYPE_REFERENCE": {
    "default": 0.0,
    "use_undefined": true
  },
  "ml_ctx_kind_usage_correct_prob_DECLARATION_NAME_FROM_UNRESOLVED_OVERRIDE": {
    "default": 0.0,
    "use_undefined": true
  },
  "ml_ctx_kind_usage_correct_prob_EXTENSION_FUNCTION_TYPE_VALUE": {
    "default": 0.0,
    "use_undefined": true
  },
  "ml_ctx_kind_usage_correct_prob_KEYWORD_ONLY": {
    "default": 0.0,
    "use_undefined": true
  },
  "ml_ctx_kind_usage_correct_prob_NAMED_ARGUMENT": {
    "default": 0.0,
    "use_undefined": true
  },
  "ml_ctx_kind_usage_correct_prob_NON_IMPORTED": {
    "default": 0.0,
    "use_undefined": true
  },
  "ml_ctx_kind_usage_correct_prob_PACKAGE_NAME": {
    "default": 0.0,
    "use_undefined": true
  },
  "ml_ctx_kind_usage_correct_prob_PARAMETER_OR_VAR_NAME_AND_TYPE": {
    "default": 0.0,
    "use_undefined": true
  },
  "ml_ctx_kind_usage_correct_prob_REFERENCE_BASIC": {
    "default": 0.0,
    "use_undefined": true
  },
  "ml_ctx_kind_usage_correct_prob_REFERENCE_EXTENSION": {
    "default": 0.0,
    "use_undefined": true
  },
  "ml_ctx_kind_usage_correct_prob_SMART_ADDITIONAL_ITEM": {
    "default": 0.0,
    "use_undefined": true
  },
  "ml_ctx_kind_usage_correct_prob_STATIC_MEMBER_EXPLICIT_INHERITED": {
    "default": 0.0,
    "use_undefined": true
  },
  "ml_ctx_kind_usage_correct_prob_STATIC_MEMBER_FROM_IMPORTS": {
    "default": 0.0,
    "use_undefined": true
  },
  "ml_ctx_kind_usage_correct_prob_STATIC_MEMBER_INACCESSIBLE": {
    "default": 0.0,
    "use_undefined": true
  },
  "ml_ctx_kind_usage_correct_prob_STATIC_MEMBER_OBJECT_MEMBER": {
    "default": 0.0,
    "use_undefined": true
  },
  "ml_ctx_kind_usage_correct_prob_TOP_LEVEL_CLASS_NAME": {
    "default": 0.0,
    "use_undefined": true
  },
  "ml_ctx_kind_usage_incorrect_in_row_CONTEXT_VARIABLE_TYPE_REFERENCE": {
    "default": 30.0,
    "use_undefined": true
  },
  "ml_ctx_kind_usage_incorrect_in_row_DECLARATION_NAME_FROM_UNRESOLVED_OVERRIDE": {
    "default": 30.0,
    "use_undefined": true
  },
  "ml_ctx_kind_usage_incorrect_in_row_EXTENSION_FUNCTION_TYPE_VALUE": {
    "default": 30.0,
    "use_undefined": true
  },
  "ml_ctx_kind_usage_incorrect_in_row_KEYWORD_ONLY": {
    "default": 30.0,
    "use_undefined": true
  },
  "ml_ctx_kind_usage_incorrect_in_row_NAMED_ARGUMENT": {
    "default": 30.0,
    "use_undefined": true
  },
  "ml_ctx_kind_usage_incorrect_in_row_NON_IMPORTED": {
    "default": 30.0,
    "use_undefined": true
  },
  "ml_ctx_kind_usage_incorrect_in_row_PACKAGE_NAME": {
    "default": 30.0,
    "use_undefined": true
  },
  "ml_ctx_kind_usage_incorrect_in_row_PARAMETER_OR_VAR_NAME_AND_TYPE": {
    "default": 30.0,
    "use_undefined": true
  },
  "ml_ctx_kind_usage_incorrect_in_row_REFERENCE_BASIC": {
    "default": 0.0,
    "use_undefined": true
  },
  "ml_ctx_kind_usage_incorrect_in_row_REFERENCE_EXTENSION": {
    "default": 30.0,
    "use_undefined": true
  },
  "ml_ctx_kind_usage_incorrect_in_row_SMART_ADDITIONAL_ITEM": {
    "default": 30.0,
    "use_undefined": true
  },
  "ml_ctx_kind_usage_incorrect_in_row_STATIC_MEMBER_EXPLICIT_INHERITED": {
    "default": 30.0,
    "use_undefined": true
  },
  "ml_ctx_kind_usage_incorrect_in_row_STATIC_MEMBER_FROM_IMPORTS": {
    "default": 30.0,
    "use_undefined": true
  },
  "ml_ctx_kind_usage_incorrect_in_row_STATIC_MEMBER_INACCESSIBLE": {
    "default": 0.0,
    "use_undefined": true
  },
  "ml_ctx_kind_usage_incorrect_in_row_STATIC_MEMBER_OBJECT_MEMBER": {
    "default": 30.0,
    "use_undefined": true
  },
  "ml_ctx_kind_usage_incorrect_in_row_TOP_LEVEL_CLASS_NAME": {
    "default": 30.0,
    "use_undefined": true
  },
  "ml_ctx_rec-instances_test-count": {
    "default": 0.0,
    "use_undefined": true
  },
  "ml_ctx_rec-instances_test-top-1": {
    "default": 0.3621743885464307,
    "use_undefined": true
  },
  "ml_ctx_vcs_changes_count": {
    "default": 0.0,
    "use_undefined": false
  }
}