<?xml version="1.0" encoding="ISO-8859-1"?>
<!--
   Licensed to the Apache Software Foundation (ASF) under one or more
   contributor license agreements.  See the NOTICE file distributed with
   this work for additional information regarding copyright ownership.
   The ASF licenses this file to You under the Apache License, Version 2.0
   (the "License"); you may not use this file except in compliance with
   the License.  You may obtain a copy of the License at

       http://www.apache.org/licenses/LICENSE-2.0

   Unless required by applicable law or agreed to in writing, software
   distributed under the License is distributed on an "AS IS" BASIS,
   WITHOUT WARRANTIES OR CONDITIONS OF ANY KIND, either express or implied.
   See the License for the specific language governing permissions and
   limitations under the License.
-->
<project name="Commons Net">

  <bannerRight>
    <name>Commons Net</name>
    <src>/images/net-logo-white.png</src>
    <href>/index.html</href>
  </bannerRight>

  <body>
    <menu name="Documentation">
      <item name="Migration How-to"      href="/migration.html"/>
      <item name="FAQ"                   href="/faq.html"/>
      <item name="Download"              href="/download.html"/>
      <item name="Javadoc"               href="apidocs/index.html"/>
      <item name="Release Notes"         href="/changes-report.html"/>
      <item name="Issue Tracking"        href="/issue-tracking.html"/>
    </menu>
    <menu name="Development">
      <item name="Coding Specifications" href="/code-standards.html"/>
    </menu>
    
    ${reports}
    
  </body>

</project>
