<!--
Licensed to the Apache Software Foundation (ASF) under one
or more contributor license agreements.  See the NOTICE file
distributed with this work for additional information
regarding copyright ownership.  The ASF licenses this file
to you under the Apache License, Version 2.0 (the
"License"); you may not use this file except in compliance
with the License.  You may obtain a copy of the License at

    http://www.apache.org/licenses/LICENSE-2.0

Unless required by applicable law or agreed to in writing,
software distributed under the License is distributed on an
"AS IS" BASIS, WITHOUT WARRANTIES OR CONDITIONS OF ANY
KIND, either express or implied.  See the License for the
specific language governing permissions and limitations
under the License.
-->

<component-set>
  <components>
    <component>
      <role>org.apache.maven.artifact.repository.layout.ArtifactRepositoryLayout</role>
      <role-hint>default</role-hint>
      <implementation>org.apache.maven.artifact.repository.layout.DefaultRepositoryLayout</implementation>
    </component>

    <component>
      <role>org.apache.maven.artifact.repository.layout.ArtifactRepositoryLayout</role>
      <role-hint>legacy</role-hint>
      <implementation>org.apache.maven.artifact.repository.layout.LegacyRepositoryLayout</implementation>
    </component>

    <!--
     |
     | ArtifactHandlerManager
     |
     -->
    <component>
      <role>org.apache.maven.artifact.handler.manager.ArtifactHandlerManager</role>
      <implementation>org.apache.maven.artifact.handler.manager.DefaultArtifactHandlerManager</implementation>
      <requirements>
        <requirement>
          <role>org.apache.maven.artifact.handler.ArtifactHandler</role>
          <field-name>artifactHandlers</field-name>
        </requirement>
      </requirements>
    </component>

    <component>
      <role>org.apache.maven.artifact.handler.ArtifactHandler</role>
      <role-hint>ejb</role-hint>
      <implementation>org.apache.maven.artifact.handler.DefaultArtifactHandler</implementation>
      <configuration>
        <type>ejb</type>
        <extension>jar</extension>
        <language>java</language>
        <addedToClasspath>true</addedToClasspath>
      </configuration>
    </component>

    <component>
      <role>org.apache.maven.artifact.handler.ArtifactHandler</role>
      <role-hint>jar</role-hint>
      <implementation>org.apache.maven.artifact.handler.DefaultArtifactHandler</implementation>
      <configuration>
        <type>jar</type>
        <language>java</language>
        <addedToClasspath>true</addedToClasspath>
      </configuration>
    </component>

    <component>
      <role>org.apache.maven.artifact.handler.ArtifactHandler</role>
      <role-hint>test-jar</role-hint>
      <implementation>org.apache.maven.artifact.handler.DefaultArtifactHandler</implementation>
      <configuration>
        <classifier>tests</classifier>
        <extension>jar</extension>
        <type>test-jar</type>
        <packaging>jar</packaging>
        <language>java</language>
        <addedToClasspath>true</addedToClasspath>
      </configuration>
    </component>

    <component>
      <role>org.apache.maven.artifact.handler.ArtifactHandler</role>
      <role-hint>maven-plugin</role-hint>
      <implementation>org.apache.maven.artifact.handler.DefaultArtifactHandler</implementation>
      <configuration>
        <type>maven-plugin</type>
        <extension>jar</extension>
        <language>java</language>
        <addedToClasspath>true</addedToClasspath>
      </configuration>
    </component>

    <component>
      <role>org.apache.maven.artifact.handler.ArtifactHandler</role>
      <role-hint>pom</role-hint>
      <implementation>org.apache.maven.artifact.handler.DefaultArtifactHandler</implementation>
      <configuration>
        <type>pom</type>
      </configuration>
    </component>

    <component>
      <role>org.apache.maven.artifact.handler.ArtifactHandler</role>
      <role-hint>java-source</role-hint>
      <implementation>org.apache.maven.artifact.handler.DefaultArtifactHandler</implementation>
      <configuration>
        <classifier>sources</classifier>
        <type>java-source</type>
        <extension>jar</extension>
        <language>java</language>
        <addedToClasspath>false</addedToClasspath>
      </configuration>
    </component>

    <component>
      <role>org.apache.maven.artifact.handler.ArtifactHandler</role>
      <role-hint>javadoc</role-hint>
      <implementation>org.apache.maven.artifact.handler.DefaultArtifactHandler</implementation>
      <configuration>
        <classifier>javadoc</classifier>
        <type>javadoc</type>
        <extension>jar</extension>
        <language>java</language>
        <addedToClasspath>true</addedToClasspath>
      </configuration>
    </component>

    <component>
      <role>org.apache.maven.artifact.handler.ArtifactHandler</role>
      <role-hint>war</role-hint>
      <implementation>org.apache.maven.artifact.handler.DefaultArtifactHandler</implementation>
      <configuration>
        <type>war</type>
        <includesDependencies>true</includesDependencies>
        <language>java</language>
        <addedToClasspath>false</addedToClasspath>
      </configuration>
    </component>

    <component>
      <role>org.apache.maven.artifact.handler.ArtifactHandler</role>
      <role-hint>ear</role-hint>
      <implementation>org.apache.maven.artifact.handler.DefaultArtifactHandler</implementation>
      <configuration>
        <type>ear</type>
        <includesDependencies>true</includesDependencies>
        <language>java</language>
        <addedToClasspath>false</addedToClasspath>
      </configuration>
    </component>

    <component>
      <role>org.apache.maven.artifact.handler.ArtifactHandler</role>
      <role-hint>ejb-client</role-hint>
      <implementation>org.apache.maven.artifact.handler.DefaultArtifactHandler</implementation>
      <configuration>
        <type>ejb-client</type>
        <extension>jar</extension>
        <packaging>ejb</packaging>
        <classifier>client</classifier>
        <language>java</language>
        <addedToClasspath>true</addedToClasspath>
      </configuration>
    </component>

    <component>
      <role>org.apache.maven.artifact.handler.ArtifactHandler</role>
      <role-hint>rar</role-hint>
      <implementation>org.apache.maven.artifact.handler.DefaultArtifactHandler</implementation>
      <configuration>
        <type>rar</type>
        <includesDependencies>true</includesDependencies>
        <language>java</language>
        <addedToClasspath>false</addedToClasspath>
      </configuration>
    </component>

    <component>
      <role>org.apache.maven.artifact.handler.ArtifactHandler</role>
      <role-hint>par</role-hint>
      <implementation>org.apache.maven.artifact.handler.DefaultArtifactHandler</implementation>
      <configuration>
        <type>par</type>
        <includesDependencies>true</includesDependencies>
        <language>java</language>
        <addedToClasspath>false</addedToClasspath>
      </configuration>
    </component>

    <component>
      <role>org.apache.maven.artifact.handler.ArtifactHandler</role>
      <role-hint>ejb3</role-hint>
      <implementation>org.apache.maven.artifact.handler.DefaultArtifactHandler</implementation>
      <configuration>
        <type>ejb3</type>
        <includesDependencies>true</includesDependencies>
        <language>java</language>
        <addedToClasspath>false</addedToClasspath>
      </configuration>
    </component>

    <component>
      <role>org.apache.maven.artifact.factory.ArtifactFactory</role>
      <implementation>org.apache.maven.artifact.factory.DefaultArtifactFactory</implementation>
      <requirements>
        <requirement>
          <role>org.apache.maven.artifact.handler.manager.ArtifactHandlerManager</role>
        </requirement>
      </requirements>
    </component>

    <component>
      <role>org.apache.maven.artifact.resolver.ArtifactCollector</role>
      <implementation>org.apache.maven.artifact.resolver.DefaultArtifactCollector</implementation>
    </component>
  </components>
</component-set>
