<project xmlns="http://maven.apache.org/POM/4.0.0"
  xmlns:xsi="http://www.w3.org/2001/XMLSchema-instance"
  xsi:schemaLocation="http://maven.apache.org/POM/4.0.0
  http://maven.apache.org/maven-v4_0_0.xsd">
  <modelVersion>4.0.0</modelVersion>
  <groupId>net.java.dev.jna</groupId>
  <artifactId>jna</artifactId>
  <packaging>jar</packaging>
  <version>3.4.0</version>
  <name>Java Native Access</name>
    
   <distributionManagement>
    <repository>
      <uniqueVersion>false</uniqueVersion>
      <id>java.net-m2-repository</id>
      <url>java-net:/maven2-repository~svn/trunk/repository/</url>
    </repository>
  </distributionManagement>

  <build>
    <plugins>
      <!-- fake out maven and install the binary artifact -->
      <plugin>
        <groupId>org.jvnet.maven-antrun-extended-plugin</groupId>
        <artifactId>maven-antrun-extended-plugin</artifactId>
        <executions>
          <execution>
            <phase>package</phase>
            <goals>
              <goal>run</goal>
            </goals>
            <configuration>
              <tasks>
                <!--<ant dir="." target="dist" />-->
                <attachArtifact file="dist/jna.jar" />
                <attachArtifact file="dist/platform.jar" classifier="platform" type="jar" />
                <attachArtifact file="dist/src-mvn.zip" classifier="sources" type="jar"/>
              </tasks>
            </configuration>
          </execution>
        </executions>
      </plugin>
    </plugins>
    <extensions>
      <extension>
        <groupId>org.jvnet.wagon-svn</groupId>
        <artifactId>wagon-svn</artifactId>
        <version>1.12</version>
      </extension>
    </extensions>
  </build>
  
  <repositories>
    <repository>
      <id>maven2-repository.java.net</id>
      <name>Java.net Repository for Maven</name>
      <url>http://download.java.net/maven/2/</url>
    </repository>
  </repositories>

  <pluginRepositories>
    <pluginRepository>
      <id>maven2-repository.java.net</id>
      <name>Java.net Repository for Maven</name>
      <url>http://download.java.net/maven/2/</url>
    </pluginRepository>
  </pluginRepositories>
</project>