<?xml version="1.0"?>
<!--
  Licensed to the Apache Software Foundation (ASF) under one or more
  contributor license agreements.  See the NOTICE file distributed with
  this work for additional information regarding copyright ownership.
  The ASF licenses this file to You under the Apache License, Version 2.0
  (the "License"); you may not use this file except in compliance with
  the License.  You may obtain a copy of the License at

      http://www.apache.org/licenses/LICENSE-2.0

  Unless required by applicable law or agreed to in writing, software
  distributed under the License is distributed on an "AS IS" BASIS,
  WITHOUT WARRANTIES OR CONDITIONS OF ANY KIND, either express or implied.
  See the License for the specific language governing permissions and
  limitations under the License.
-->
<project default="not me">
  <target name="not me">
    <fail>only use from within unit tests</fail>
  </target>

  <property name="testout" location="testout"/>
  <target name="setUp">
    <mkdir dir="${testout}"/>
  </target>

  <target name="uncompressSource" depends="setUp">
    <ant antfile="../../taskdefs/tar.xml" target="feather" />
    <copy todir="${testout}">
      <tarentry name="asf-logo.gif">
        <gzipresource>
          <file file="../../taskdefs/expected/asf-logo.gif.tar.gz"/>
        </gzipresource>
      </tarentry>
    </copy>
  </target>

  <target name="tearDown">
    <delete dir="${testout}"/>
    <ant antfile="../../taskdefs/tar.xml" target="cleanup" />
  </target>
</project>