<?xml version="1.0"?>
<!--
  Licensed to the Apache Software Foundation (ASF) under one or more
  contributor license agreements.  See the NOTICE file distributed with
  this work for additional information regarding copyright ownership.
  The ASF licenses this file to You under the Apache License, Version 2.0
  (the "License"); you may not use this file except in compliance with
  the License.  You may obtain a copy of the License at

      http://www.apache.org/licenses/LICENSE-2.0

  Unless required by applicable law or agreed to in writing, software
  distributed under the License is distributed on an "AS IS" BASIS,
  WITHOUT WARRANTIES OR CONDITIONS OF ANY KIND, either express or implied.
  See the License for the specific language governing permissions and
  limitations under the License.
-->

<project name="war-test" basedir="." default="help">
  <property name="working.dir" value="working"/>

  <target name="help">
    <echo message="Test file for the war task"/>
  </target>

  <target name="setup">
    <mkdir dir="${working.dir}"/>
  </target>
  
  <target name="testlibrefs" depends="setup">
    <fileset id="test" dir="." includes="war.xml"/>
    <war webxml="war.xml" destfile="${working.dir}/test.war">
      <lib refid="test"/>
    </war>
    <unzip src="${working.dir}/test.war" dest="${working.dir}"/>
  </target>
  
  <target name="clean">
    <delete dir="${working.dir}"/>
  </target>
</project>
