<?xml version="1.0"  encoding="ISO-8859-1"?>

<project xmlns:j="jelly:core" xmlns:ant="jelly:ant">
    <extend>${basedir}/../project.xml</extend>
    <pomVersion>3</pomVersion>
    <id>picocontainer-gems</id>
    <name>PicoContainer Gems</name>

    <dependencies>
        <dependency>
            <groupId>picocontainer</groupId>
            <artifactId>picocontainer</artifactId>
            <version>${pom.currentVersion}</version>
        </dependency>
        
        <dependency>
            <groupId>picocontainer</groupId>
            <artifactId>picocontainer-tck</artifactId>
            <version>${pom.currentVersion}</version>
        </dependency>
        
        <!-- For proxy -->        
        <dependency>
            <id>proxytoys</id>
            <version>0.2.1</version>
        </dependency>
        <dependency>
            <groupId>cglib</groupId>
            <artifactId>cglib-nodep</artifactId>
            <version>2.1_3</version>
        </dependency>
        
        <!-- For monitors -->
        <dependency>
            <id>commons-logging</id>
            <version>1.0.4</version>
        </dependency>

        <!-- test time only -->
        <dependency>
            <id>log4j</id>
            <version>1.2.8</version>
        		<properties>
        			<scope>test</scope>
        		</properties>
        </dependency>

    </dependencies>

</project>
