<?xml version="1.0" encoding="UTF-8"?>
 <!--
   Copyright 2002-2004 The Apache Software Foundation

   Licensed under the Apache License, Version 2.0 (the "License");
   you may not use this file except in compliance with the License.
   You may obtain a copy of the License at

       http://www.apache.org/licenses/LICENSE-2.0

   Unless required by applicable law or agreed to in writing, software
   distributed under the License is distributed on an "AS IS" BASIS,
   WITHOUT WARRANTIES OR CONDITIONS OF ANY KIND, either express or implied.
   See the License for the specific language governing permissions and
   limitations under the License.
  -->
<project>
  <pomVersion>3</pomVersion>
  <id>commons-collections</id>
  <currentVersion>3.1</currentVersion>
  <inceptionYear>2001</inceptionYear>
  <name>Collections</name>
  <shortDescription>Commons Collections</shortDescription>
  <description>Types that extend and augment the Java Collections Framework.</description>
  <logo>/images/logo.png</logo>
   
  <url>http://jakarta.apache.org/commons/${pom.artifactId.substring(8)}/</url>
  <package>org.apache.commons.${pom.artifactId.substring(8)}</package>

  <organization>
    <name>The Apache Software Foundation</name>
    <url>http://jakarta.apache.org</url>
    <logo>http://jakarta.apache.org/images/original-jakarta-logo.gif</logo>
  </organization>

  <licenses>
	<license>
    	<name>The Apache Software License, Version 2.0</name>
    	<url>/LICENSE.txt</url>
    	<distribution>repo</distribution>
	</license>
  </licenses>
  
  <gumpRepositoryId>jakarta</gumpRepositoryId>
  <issueTrackingUrl>http://issues.apache.org/bugzilla/</issueTrackingUrl>
  <siteAddress>jakarta.apache.org</siteAddress>
  <siteDirectory>/www/jakarta.apache.org/commons/${pom.artifactId.substring(8)}/</siteDirectory>
  <distributionDirectory>/www/jakarta.apache.org/builds/jakarta-commons/${pom.artifactId.substring(8)}/</distributionDirectory>
  
  <repository>
    <connection>scm:cvs:pserver:anoncvs@cvs.apache.org:/home/cvspublic:jakarta-commons/${pom.artifactId.substring(8)}</connection>
    <url>http://cvs.apache.org/viewcvs/jakarta-commons/${pom.artifactId.substring(8)}/</url>
  </repository>
  
  <mailingLists>
    <mailingList>
      <name>Commons Dev List</name>
      <subscribe>commons-dev-subscribe@jakarta.apache.org</subscribe>
      <unsubscribe>commons-dev-unsubscribe@jakarta.apache.org</unsubscribe>
      <archive>http://nagoya.apache.org/eyebrowse/SummarizeList?listName=commons-dev@jakarta.apache.org</archive>
    </mailingList>
    <mailingList>
      <name>Commons User List</name>
      <subscribe>commons-user-subscribe@jakarta.apache.org</subscribe>
      <unsubscribe>commons-user-unsubscribe@jakarta.apache.org</unsubscribe>
      <archive>http://nagoya.apache.org/eyebrowse/SummarizeList?listName=commons-user@jakarta.apache.org</archive>
    </mailingList>
  </mailingLists>

  <developers>
    <developer>
      <name>Stephen Colebourne</name>
      <id>scolebourne</id>
      <email></email>
      <organization></organization>
    </developer>
    <developer>
      <name>Morgan Delagrange</name>
      <id>morgand</id>
      <email></email>
      <organization></organization>
    </developer>
    <developer>
      <name>Matthew Hawthorne</name>
      <id>matth</id>
      <email></email>
      <organization></organization>
    </developer>
    <developer>
      <name>Geir Magnusson</name>
      <id>geirm</id>
      <email></email>
      <organization></organization>
    </developer>
    <developer>
      <name>Craig McClanahan</name>
      <id>craigmcc</id>
      <email></email>
      <organization></organization>
    </developer>
    <developer>
      <name>Phil Steitz</name>
      <id>psteitz</id>
      <email></email>
      <organization></organization>
    </developer>
    <developer>
      <name>Arun M. Thomas</name>
      <id>amamment</id>
      <email></email>
      <organization></organization>
    </developer>
    <developer>
      <name>Rodney Waldhoff</name>
      <id>rwaldhoff</id>
      <email></email>
      <organization></organization>
    </developer>
    <developer>
      <name>Henri Yandell</name>
      <id>bayard</id>
      <email></email>
      <organization></organization>
    </developer>
  </developers>
  
  <contributors>
    <contributor>
      <name>Max Rydahl Andersen</name>
    </contributor>
    <contributor>
      <name>Federico Barbieri</name>
    </contributor>
    <contributor>
      <name>Arron Bates</name>
    </contributor>
    <contributor>
      <name>Nicola Ken Barozzi</name>
    </contributor>
    <contributor>
      <name>Ola Berg</name>
    </contributor>
    <contributor>
      <name>Christopher Berry</name>
    </contributor>
    <contributor>
      <name>Janek Bogucki</name>
    </contributor>
    <contributor>
      <name>Chuck Burdick</name>
    </contributor>
    <contributor>
      <name>Dave Bryson</name>
    </contributor>
    <contributor>
      <name>Julien Buret</name>
    </contributor>
    <contributor>
      <name>Jonathan Carlson</name>
    </contributor>
    <contributor>
      <name>Ram Chidambaram</name>
    </contributor>
    <contributor>
      <name>Peter Donald</name>
    </contributor>
    <contributor>
      <name>Steve Downey</name>
    </contributor>
    <contributor>
      <name>Rich Dougherty</name>
    </contributor>
    <contributor>
      <name>Stefano Fornari</name>
    </contributor>
    <contributor>
      <name>Andrew Freeman</name>
    </contributor>
    <contributor>
      <name>Gerhard Froehlich</name>
    </contributor>
    <contributor>
      <name>Paul Jack</name>
    </contributor>
    <contributor>
      <name>Eric Johnson</name>
    </contributor>
    <contributor>
      <name>Kent Johnson</name>
    </contributor>
    <contributor>
      <name>Marc Johnson</name>
    </contributor>
    <contributor>
      <name>Nissim Karpenstein</name>
    </contributor>
    <contributor>
      <name>Mohan Kishore</name>
    </contributor>
    <contributor>
      <name>Simon Kitching</name>
    </contributor>
    <contributor>
      <name>Peter KoBek</name>
    </contributor>
    <contributor>
      <name>David Leppik</name>
    </contributor>
    <contributor>
      <name>Berin Loritsch</name>
    </contributor>
    <contributor>
      <name>Stefano Mazzocchi</name>
    </contributor>
    <contributor>
      <name>Brian McCallister</name>
    </contributor>
    <contributor>
      <name>Steven Melzer</name>
    </contributor>
    <contributor>
      <name>Leon Messerschmidt</name>
    </contributor>
    <contributor>
      <name>Mauricio S. Moura</name>
    </contributor>
    <contributor>
      <name>Kasper Nielsen</name>
    </contributor>
    <contributor>
      <name>Alban Peignier</name>
    </contributor>
    <contributor>
      <name>Mike Pettypiece</name>
    </contributor>
    <contributor>
      <name>Steve Phelps</name>
    </contributor>
    <contributor>
      <name>Ilkka Priha</name>
    </contributor>
    <contributor>
      <name>Jonas Van Poucke</name>
    </contributor>
    <contributor>
      <name>Herve Quiroz</name>
    </contributor>
    <contributor>
      <name>Daniel Rall</name>
    </contributor>
    <contributor>
      <name>Henning P. Schmiedehausen</name>
    </contributor>
    <contributor>
      <name>Howard Lewis Ship</name>
    </contributor>
    <contributor>
      <name>Joe Raysa</name>
    </contributor>
    <contributor>
      <name>Jon Schewe</name>
    </contributor>
    <contributor>
      <name>Michael Smith</name>
    </contributor>
    <contributor>
      <name>Jan Sorensen</name>
    </contributor>
    <contributor>
      <name>Jon S. Stevens </name>
    </contributor>
    <contributor>
      <name>James Strachan</name>
    </contributor>
    <contributor>
      <name>Leo Sutic</name>
    </contributor>
    <contributor>
      <name>Neil O'Toole</name>
    </contributor>
    <contributor>
      <name>Jeff Turner</name>
    </contributor>
    <contributor>
      <name>Jeff Varszegi</name>
    </contributor>
    <contributor>
      <name>Ralph Wagner</name>
    </contributor>
    <contributor>
      <name>David Weinrich</name>
    </contributor>
    <contributor>
      <name>Dieter Wimberger</name>
    </contributor>
    <contributor>
      <name>Serhiy Yevtushenko</name>
    </contributor>
    <contributor>
      <name>Jason van Zyl</name>
    </contributor>
  </contributors>

  <dependencies>
    <dependency>
      <id>junit</id>
      <version>3.8.1</version>
    </dependency>
  </dependencies>

  <build>
    	<nagEmailAddress>commons-dev@jakarta.apache.org</nagEmailAddress>
    	<sourceDirectory>src/java</sourceDirectory>
    	<unitTestSourceDirectory>src/test</unitTestSourceDirectory>
    	<integrationUnitTestSourceDirectory/>
    	<aspectSourceDirectory/>

    	<!-- Unit test classes -->
    	<unitTest>
      		<includes>
        		<include>org/apache/commons/collections/TestAllPackages.java</include>
      		</includes>
   		</unitTest>

    	<!-- Integration unit test classes -->
    	<integrationUnitTestPatterns></integrationUnitTestPatterns>
    
    	<resources>
      		<includes>
       			<include>**/*.properties</include>
      		</includes>
    	</resources>
    	<jars/>
  	</build>

  <reports>
     <report>maven-changelog-plugin</report>
     <report>maven-changes-plugin</report>
     <!--report>maven-checkstyle-plugin</report-->
     <!--report>maven-clover-plugin</report-->
     <report>maven-developer-activity-plugin</report>
     <report>maven-file-activity-plugin</report>
     <report>maven-javadoc-plugin</report>
     <!--report>maven-jellydoc-plugin</report-->
     <report>maven-junit-report-plugin</report>
     <report>maven-jxr-plugin</report>
     <report>maven-license-plugin</report>
     <!--report>maven-linkcheck-plugin</report-->
     <!--report>maven-statcvs-plugin</report-->
     <!--report>maven-tasklist-plugin</report-->
  </reports>

</project>
